{
  "os": "Windows-11-10.0.26100-SP0",
  "python": "CPython 3.12.5",
  "startedAt": "2025-07-23T12:21:00.648482Z",
  "program": "c:\\Users\\shado\\Documents\\Master Thesis\\INFORM_marine-main_new\\INFORM_marine-main\\adaptation_method\\Train_autoencoder.py",
  "codePath": "INFORM_marine-main\\adaptation_method\\Train_autoencoder.py",
  "codePathLocal": "INFORM_marine-main\\adaptation_method\\Train_autoencoder.py",
  "email": "arangan18@hotmail.com",
  "root": "c:\\Users\\shado\\Documents\\Master Thesis\\INFORM_marine-main_new",
  "host": "Asus",
  "executable": "C:\\Users\\shado\\AppData\\Local\\Programs\\Python\\Python312\\python.exe",
  "cpu_count": 4,
  "cpu_count_logical": 8,
  "disk": {
    "/": {
      "total": "510665232384",
      "used": "255718707200"
    }
  },
  "memory": {
    "total": "6387490816"
  },
  "writerId": "m9bwu7nneyqhyml2s54dgj8y1vc1c184"
}