{
  "os": "Windows-11-10.0.26100-SP0",
  "python": "CPython 3.12.5",
  "startedAt": "2025-07-24T13:37:48.112523Z",
  "program": "c:\\Users\\shado\\Documents\\Master Thesis\\INFORM_marine-main_new\\INFORM_marine-main\\data_patching.ipynb",
  "codePath": "data_patching.ipynb",
  "codePathLocal": "data_patching.ipynb",
  "email": "arangan18@hotmail.com",
  "root": "c:\\Users\\shado\\Documents\\Master Thesis\\INFORM_marine-main_new\\INFORM_marine-main",
  "host": "Asus",
  "executable": "c:\\Users\\shado\\AppData\\Local\\Programs\\Python\\Python312\\python.exe",
  "cpu_count": 4,
  "cpu_count_logical": 8,
  "disk": {
    "/": {
      "total": "510665232384",
      "used": "259829600256"
    }
  },
  "memory": {
    "total": "6387490816"
  },
  "writerId": "7gdw7bwvjb5bq3dkiwf2fa9d41frndrq"
}